Gene_Symbol,log2FC,P_Value,Adjusted_P_Value,Regulation
SLC7A5,2.11705692849355,0.0,0.0,Upregulated
NMNAT2,-2.23777217579895,0.0,0.0,Downregulated
KRT81,-2.51343552442378,0.0,0.0,Downregulated
SLC3A2,1.47506589003737,5.39934974957897e-290,2.73598550185541e-286,Upregulated
ALDH3A2,1.4491397870321,8.25140895651002e-278,3.34495616279003e-274,Upregulated
ASPH,1.61594525891367,1.24739928796437e-272,4.21392269462497e-269,Upregulated
FNDC3B,1.86912739815982,9.19013888655395e-266,2.5194197034977598e-262,Upregulated
SRRM4,-1.70606263223193,9.94393291626723e-266,2.5194197034977598e-262,Downregulated
PCDH7,-1.29627521491062,3.5673307609294e-243,8.03402524369756e-240,Downregulated
ABHD2,-1.14906110767851,5.29199864750731e-242,1.0726352058632598e-238,Downregulated
BST2,-2.38651232427094,7.797563966699361e-240,1.4368074912820801e-236,Downregulated
SYT4,-2.3641957284909,4.5080555827187005e-237,7.61448155051045e-234,Downregulated
RIPOR2,2.35056425900333,6.389166859084999e-228,9.961694082061061e-225,Upregulated
PPP1R1B,3.39991938183184,8.394892981789139e-216,1.21540061319917e-212,Upregulated
AP3B2,-2.74990518860892,3.35311498630847e-215,4.53095251049909e-212,Downregulated
SLC7A5-AS1,2.12428882695232,2.43296563909879e-211,3.08211128368083e-208,Upregulated
RGS2,1.68730351701407,6.32100785962982e-185,7.53650048863746e-182,Upregulated
STMN3,-2.06298158527969,3.7706923495220805e-183,4.24600906847017e-180,Downregulated
SUN2,-1.24322041986027,3.499171321682e-163,3.7328791325880195e-160,Downregulated
ZIC2,-1.57214485572392,1.06519102916239e-162,1.07951784850463e-159,Downregulated
CHRNB2,-2.40503284726645,7.534013384143051e-154,7.27175796586645e-151,Downregulated
VGF,-1.78117136106038,9.80188424830362e-150,9.03065417403937e-147,Downregulated
CAMKV,-1.85448076567358,4.20497647610301e-148,3.7056812258318204e-145,Downregulated
CELSR3,-1.44988274880159,2.3080248611358198e-147,1.94922316293174e-144,Downregulated
CPLX2,-2.44816846828343,2.6722069321874203e-145,2.16651849234027e-142,Downregulated
AGAP2,-2.13290131512747,8.86701544852256e-144,6.91252062023476e-141,Downregulated
KRT19,2.10024275192264,7.12800692543445e-141,5.35102119894929e-138,Upregulated
BEX1,-1.5939022952082,3.69022813890753e-139,2.67132979098274e-136,Downregulated
SYP,-2.17682127940475,2.82933927600357e-128,1.97751302707988e-125,Downregulated
PAX5,-2.32151667890244,7.43216228017971e-128,5.02141657523209e-125,Downregulated
BSN,-1.88462496050747,5.845489391748349e-125,3.82200724133378e-122,Downregulated
CELF3,-2.0092856842294,8.4538220098381e-125,5.35470369741901e-122,Downregulated
ADGRG6,1.06916651709195,7.00338025236738e-123,4.3015610404616505e-120,Upregulated
SOX9,1.22842846861077,7.29408941326589e-118,4.348349950514299e-115,Upregulated
FOXQ1,-3.39608510339947,4.03679663398322e-108,2.27282863817239e-105,Downregulated
TTBK2,-1.4533212225086,4.361136198861911e-106,2.32620709512453e-103,Downregulated
TMEM145,-2.14001863583205,1.7916305453354e-105,9.31142551882135e-103,Downregulated
LRATD1,-1.38464853913009,1.56515390164492e-102,7.93102610811023e-100,Downregulated
AGAP2-AS1,-2.20557977823294,3.78174347858041e-98,1.86956484310601e-95,Downregulated
PRSS23,1.57623050398083,4.4614215145620404e-98,2.1530607780632802e-95,Upregulated
IGFBP3,1.22049354021349,4.887886815014e-98,2.30401343845392e-95,Upregulated
AGR2,3.10816705142552,8.42998018046148e-97,3.88334700631304e-94,Upregulated
PSD,-2.41029422198753,2.1747452059633e-96,9.795535684371119e-94,Downregulated
SMOC1,2.53904781390536,5.41891513617657e-95,2.33693597649283e-92,Upregulated
SLC35F5,1.82571639628976,7.20309856799523e-94,3.04165843488948e-91,Upregulated
ATP1A3,-1.51215505552007,9.366293427784759e-92,3.87439594872999e-89,Downregulated
CPLX1,-1.66645894043396,2.4169978453087e-91,9.79802586531241e-89,Downregulated
SCAMP5,-2.06015296487899,1.35680928872132e-89,5.39238577903773e-87,Downregulated
SCG3,-2.04926370017378,1.6536701704403101e-87,6.3241963555952e-85,Downregulated
STC1,2.52121948354632,5.62664017770843e-87,2.11196981040689e-84,Upregulated
UNC13A,-1.12783085375383,2.5294255458159301e-85,9.32162297966238e-83,Downregulated
DACH2,3.01495542706831,1.74055371300551e-80,6.29987200159083e-78,Upregulated
FAM43A,1.98307476736459,1.76138301398419e-76,6.15542626042166e-74,Upregulated
PEX5L,-2.46156808303974,5.47647790844301e-75,1.85004551210386e-72,Downregulated
BICDL1,-1.29732900982119,2.67580333652468e-74,8.89112423410143e-72,Downregulated
PRR16,1.41796008114115,2.33140873367701e-72,7.621826390790209e-70,Upregulated
DEPDC1,1.14045453543536,1.39809018571803e-71,4.4980777737014003e-69,Upregulated
PGBD5,-1.29463368072539,2.02530007751534e-71,6.41418863611851e-69,Downregulated
CADPS2,1.15909330906278,4.6150223764733096e-69,1.41730134164754e-66,Upregulated
DAPL1,2.9391318308835,6.11300172291156e-69,1.84931987942827e-66,Upregulated
PLA2G7,1.26794539028281,1.6479118344707202e-67,4.84080072070826e-65,Upregulated
ANTXR1,1.92931881540952,3.54829065634841e-66,9.98893101576748e-64,Upregulated
DPYSL4,-1.76616900960406,4.10516221721733e-65,1.12442612136186e-62,Downregulated
ATCAY,-1.63915729343416,3.69768667479844e-64,9.99312149486526e-62,Downregulated
EDNRA,1.65569046233089,7.17631746221913e-64,1.9139049821278902e-61,Upregulated
KRT7,-2.46403257234129,1.3652777387075799e-62,3.59387201115115e-60,Downregulated
SEZ6,-2.20445024621524,1.083794720181e-61,2.81633784401906e-59,Downregulated
EHF,-1.46411519548189,3.43202788565098e-61,8.80554091319742e-59,Downregulated
ARHGAP29,1.47032870309108,4.90126080030441e-60,1.2264648785354299e-57,Upregulated
CYP1B1,-1.24797767219408,7.56894502633594e-60,1.87091398461955e-57,Downregulated
CAMK2N2,-1.4930653250878,1.5041395920065099e-57,3.6731813723349296e-55,Downregulated
NRXN1,-2.68576029073157,2.9592494686020496e-57,7.140598509416079e-55,Downregulated
P2RY1,1.03923869447028,5.84091340641094e-57,1.39281733922992e-54,Upregulated
FBXL15,-1.03898748896669,7.415672016637329e-56,1.74777041982816e-53,Downregulated
SNCG,1.75974127090381,1.6982958516580802e-54,3.86772568733232e-52,Upregulated
GNG4,-1.83581761959539,2.60965410667889e-54,5.87723100980827e-52,Downregulated
CACNA1B,-2.35082591399581,2.42013072801835e-53,5.39050876112131e-51,Downregulated
ATP11A,-1.2130374029347,3.01875496681453e-51,6.57926284111437e-49,Downregulated
SFT2D1,1.56589927086262,4.85666728131698e-51,1.0472317992022699e-48,Upregulated
GUCY1B1,1.40576424263162,5.07346206770028e-51,1.08246318579176e-48,Upregulated
GNB4,1.18873561997694,7.03511640639738e-51,1.48536223376321e-48,Upregulated
GRIN1,-1.14203371899058,3.1330196820893198e-49,6.414462215784701e-47,Downregulated
JAG1,1.8762261670766,3.81929122608413e-49,7.74132138614992e-47,Upregulated
CD44,1.14469932982885,4.1305606594797e-49,8.289340000692481e-47,Upregulated
CARMIL2,-1.63294412730259,2.0228568257053602e-47,3.9424312500213304e-45,Downregulated
TSPAN13,1.26105483385957,3.10003374050023e-47,5.9277909326603e-45,Upregulated
PAX1,-1.63044472254259,4.66393907250185e-47,8.8348954262187e-45,Downregulated
PCDH17,-2.82368213537988,1.54534242284261e-46,2.8736280338162304e-44,Downregulated
SFRP1,1.96888600451073,4.547159932113321e-44,7.94537798827629e-42,Upregulated
PTPRN2,-1.73559280706977,1.07867933757425e-43,1.86869670882842e-41,Downregulated
SCN5A,-4.04770212885722,1.94890714561701e-43,3.34766092665349e-41,Downregulated
RTN2,-1.13167114076808,2.46987209048891e-43,4.17181978350997e-41,Downregulated
EPHA2,1.24916349922312,5.366913376928899e-43,8.99024522619603e-41,Upregulated
KCNT1,-1.75713396299574,1.1556654519828799e-42,1.88904701985814e-40,Downregulated
TMEM178B,-1.23883658697634,1.69596573515342e-42,2.75004235886597e-40,Downregulated
LOC100130872,3.03764093864545,3.86143815093076e-42,6.16279447883588e-40,Upregulated
DNASE1L2,-2.22576944343301,4.53955859125375e-42,7.1884619598533e-40,Downregulated
APLP1,-1.02154260878638,1.74103349109327e-41,2.71453906392073e-39,Downregulated
NEFH,-3.98992442972178,3.7812529947371997e-41,5.80622855684306e-39,Downregulated
KIF12,-1.16965608109158,7.85501151839341e-40,1.16214035376873e-37,Downregulated
BASP1,-1.32962665508529,1.92863333402309e-39,2.81233590268447e-37,Downregulated
VWA2,-2.09642750238849,7.659762470316481e-39,1.0933501796538398e-36,Downregulated
DLGAP3,-2.24928075293026,2.78422840570319e-38,3.89196727966883e-36,Downregulated
TMEM200C,3.35953703824019,8.54919757541272e-38,1.1629777560808101e-35,Upregulated
RUNDC3A,-1.69202564896162,1.29177086540624e-37,1.7339671305244401e-35,Downregulated
TLN2,-1.63314010963837,2.51767982404e-37,3.3353498270239704e-35,Downregulated
CDK5R2,-2.82330521951586,2.63686484013614e-37,3.47055931459217e-35,Downregulated
CYFIP2,-1.11482968755207,1.749602153052e-36,2.2026513068454e-34,Downregulated
TMEM121B,-1.33512722929152,1.8248682335474198e-36,2.28322556949214e-34,Downregulated
CCDC92B,-2.79488760098711,2.98062438093459e-36,3.70639727467258e-34,Downregulated
CHGB,-2.20204674080209,1.54300149944531e-35,1.88404201158174e-33,Downregulated
TMEM151A,-2.6669591784806,2.6104342479510204e-35,3.14945784355472e-33,Downregulated
SLFN13,2.39790248707872,2.7922365875438e-35,3.34886647295415e-33,Upregulated
SNAP25,-2.05966456800357,8.48476222433597e-35,9.99870032122476e-33,Downregulated
HRH3,-2.15054772407429,1.0576534775039199e-34,1.23916637777612e-32,Downregulated
ACTL6B,-2.01645215358903,1.3007214758217399e-34,1.48950980753847e-32,Downregulated
NPR1,-1.24196435451237,1.69095495164373e-34,1.9255037030824e-32,Downregulated
HGF,1.02757561967948,3.32869403521354e-34,3.72537377363163e-32,Upregulated
GDAP1,-1.30660638810999,3.34509855839438e-34,3.72537377363163e-32,Downregulated
SCART1,3.25367499311306,4.82762572774108e-34,5.31799705845565e-32,Upregulated
ARHGAP32,-1.50550683270666,2.29717927224554e-33,2.47667695048643e-31,Downregulated
KCNH2,-1.14678444777266,4.90509959955894e-33,5.23270862018211e-31,Downregulated
ADAMTS1,1.25208940349014,1.55397090566358e-32,1.6404914732757798e-30,Upregulated
L1CAM,-1.74843959311582,4.36891345104956e-32,4.51803605812875e-30,Downregulated
CACNA1H,1.19213445880282,6.47108470839963e-32,6.5581207977276e-30,Upregulated
ACE,-1.34507836369314,1.58706344990036e-31,1.57687201304071e-29,Downregulated
VWA5B2,-1.09618569171478,1.8811773391052602e-31,1.85997968225973e-29,Downregulated
COL5A1,-1.69045757406222,4.22798946042162e-31,4.12005376794643e-29,Downregulated
TIMP3,-1.28330541794146,7.5950594432383405e-31,7.36575406004775e-29,Downregulated
CPED1,2.27572616388334,4.0385621271688e-30,3.72080071616292e-28,Upregulated
LIPG,1.4039451570415,9.2454608907291e-30,8.3287220797417e-28,Upregulated
BDKRB1,-3.25834528149582,9.644076979090049e-30,8.64937151722019e-28,Downregulated
STX1A,-1.1300816256673,4.31464617136413e-29,3.75337181319226e-27,Downregulated
SBK1,-1.19010202382453,4.46679242159978e-29,3.86912032450453e-27,Downregulated
ANKRD29,-1.25785555338011,6.30082594304837e-29,5.3689602703904e-27,Downregulated
TM4SF1,1.12420941719707,2.44150589124164e-28,2.05339763110277e-26,Upregulated
SYT17,1.61852913323351,2.99971140396452e-28,2.51244423334533e-26,Upregulated
LOC124909474,1.93287141998337,4.092880939239919e-28,3.4139343110063296e-26,Upregulated
GUCY1A1,2.04787259617001,5.79190946065241e-28,4.77220377471397e-26,Upregulated
SSTR1,-1.1792894672439,6.53250059551471e-28,5.36061759394687e-26,Downregulated
SLC8A2,-1.95194495794744,6.924728349058309e-28,5.63684011674952e-26,Downregulated
SLCO2A1,1.5295868682219,6.99264088156677e-28,5.66935352113907e-26,Upregulated
PDZRN4,-1.04103601955928,8.47375910103769e-28,6.815659651544959e-26,Downregulated
SRRM3,-1.09012037222035,1.11448625624591e-27,8.89351257001905e-26,Downregulated
STXBP5L,-1.42242320754215,1.25291419631939e-27,9.95894817458734e-26,Downregulated
STOML1,-1.23857741653535,2.59100976023538e-27,2.0121523689736001e-25,Downregulated
KCNH6,-1.76686999869594,3.24451350065527e-27,2.50049597508676e-25,Downregulated
GCK,4.01606038518818,5.00634324586015e-27,3.84369588069468e-25,Upregulated
ATP10D,-1.05626223783969,7.32381445037893e-27,5.51845334924649e-25,Downregulated
PRUNE2,1.08469163978551,2.70898449131684e-26,1.96804324926527e-24,Upregulated
KCNC3,-1.4457129776978,3.6383877950633397e-26,2.58759586730312e-24,Downregulated
F3,1.89556291877732,5.6983861593437e-26,4.02441076877134e-24,Upregulated
DIXDC1,1.07329221744652,9.24042300725473e-26,6.4807658800708e-24,Upregulated
CAPN5,-1.26657476681255,9.7010705306924e-26,6.78037926160704e-24,Downregulated
LUZP2,-1.63564635340386,1.39916723264824e-25,9.7456084668547e-24,Downregulated
NAPB,-1.12391201970757,4.7008873486944805e-25,3.17607618902295e-23,Downregulated
GPRC5A,2.43241642163067,9.697554316176811e-25,6.53022353603281e-23,Upregulated
SYN1,-1.91791328700067,1.0519858993261001e-24,7.06049741504662e-23,Downregulated
TMEM198,-1.95646043327401,1.56719213823155e-24,1.0347041514597799e-22,Downregulated
CHRM4,-1.2686667128492,1.71584640401437e-24,1.1255175004196498e-22,Downregulated
ZNF473CR,-1.52100252249838,2.59269539183944e-24,1.67895664208286e-22,Downregulated
DIRAS2,-2.08709619895583,2.7042129776955302e-24,1.74559531353219e-22,Downregulated
CNN3,6.23238863363818,3.01840805412703e-24,1.93607952054116e-22,Upregulated
PNCK,-1.0098353615371,4.33957407818322e-24,2.76600084876402e-22,Downregulated
TUBB2B,1.40520672932596,6.5389303472171705e-24,4.15478304726473e-22,Upregulated
LRP1,1.16357573082788,1.31877976408499e-23,8.27564923784479e-22,Upregulated
FST,1.05453964771484,1.3238959962672302e-23,8.28211356430264e-22,Upregulated
DEPDC1-AS2,1.08665284039879,1.47879958813971e-23,9.194413758283359e-22,Upregulated
SYP-AS1,-2.42338155817395,3.04265368097935e-23,1.84094171521703e-21,Downregulated
NALF1,-1.96058442390073,3.12705691309623e-23,1.8863784693912902e-21,Downregulated
SEMA6D,2.07713963764553,3.1648620870007603e-23,1.90351898045752e-21,Upregulated
RETREG1,-1.55055650446635,4.23814787937421e-23,2.51915012806557e-21,Downregulated
FIBCD1,1.21480312340427,8.01662493922966e-23,4.68267927646242e-21,Upregulated
GNAO1,-3.59681924569354,2.07843241027559e-22,1.1866970851796e-20,Downregulated
GABRD,-2.51012860943347,2.3537251782683e-22,1.33634889743194e-20,Downregulated
KRT87P,-2.90405837331302,3.2465570292081003e-22,1.82283834972352e-20,Downregulated
PRICKLE2,1.45882998637313,3.26535929781578e-22,1.82833059689028e-20,Upregulated
CSPG4,1.77479027702111,3.4778718889353497e-22,1.93131466621454e-20,Upregulated
SLC6A19,-3.57501872653565,9.52962259472938e-22,5.19236345087553e-20,Downregulated
MPZL2,1.06291277753082,1.07833476801543e-21,5.84405545799592e-20,Upregulated
RAB3C,-3.01439284018407,1.85997477549583e-21,9.869065111132191e-20,Downregulated
S100P,1.71118863882659,4.34806940954325e-21,2.2368278898992903e-19,Upregulated
SLC22A15,1.74965792391976,1.17833545526088e-20,5.85384346634381e-19,Upregulated
TRIM67,-1.87082312718534,1.20167167182177e-20,5.94065441857452e-19,Downregulated
SLC35F1,-1.5818905502966,1.3426636757371301e-20,6.60544903968832e-19,Downregulated
ZIC5,-1.0938935733354,2.41521550986814e-20,1.16835329760184e-18,Downregulated
PLK2,-2.07234212588978,2.59123185126455e-20,1.24458953538581e-18,Downregulated
CLVS1,1.4159483454183,2.6558575801166902e-20,1.27261412036371e-18,Upregulated
LOC124900647,2.45413029245563,3.08081554134666e-20,1.47276061810272e-18,Upregulated
ZNF835,-1.95721942392942,3.5155766260223005e-20,1.6727047566395799e-18,Downregulated
LITAF,2.3269746099396,5.5059613502469e-20,2.5714361891279797e-18,Upregulated
LOC105374836,3.7573797657047,9.181097661343561e-20,4.18183524714096e-18,Upregulated
TDRD6,1.31697806125886,9.274201826604741e-20,4.2147712292253695e-18,Upregulated
NKAIN3,1.87990258538388,1.18972247936823e-19,5.3707093394910096e-18,Upregulated
MAPK4,-1.37150988728803,1.2931228066118101e-19,5.798740302481149e-18,Downregulated
ITGA8,-2.53318344099165,1.33697183328188e-19,5.96896081250891e-18,Downregulated
TMEM144,1.38734055922592,1.5471048207095302e-19,6.84678332117061e-18,Upregulated
TLL1,1.1435945386507,1.4177130053327e-18,5.924871114451251e-17,Upregulated
ATOH8,1.64109359047307,1.48271157005957e-18,6.17106382208159e-17,Upregulated
VCAN,1.00393031559527,1.53351476004959e-18,6.36942841627973e-17,Upregulated
SPTBN4,-1.46605222028276,2.33149954712845e-18,9.58563170806218e-17,Downregulated
UNC80,-2.52162033067028,2.4709406158798097e-18,1.01178778471248e-16,Downregulated
GADD45G,-1.06807821304282,2.7190487611846298e-18,1.10890139518011e-16,Downregulated
HBA2,-2.42596158227964,2.79438259070504e-18,1.13733615925704e-16,Downregulated
TNFRSF11B,2.27391603842177,2.97208899619853e-18,1.20482543727896e-16,Upregulated
S100A10,1.09060164497631,5.0143340087883e-18,1.97734505883521e-16,Upregulated
FRMD6,1.01766136127467,5.30778073241218e-18,2.08899820709248e-16,Upregulated
MEIS3P1,2.42459950501822,5.49353272867354e-18,2.1579150170055002e-16,Upregulated
PNN-AS1,-1.08811300561431,5.6749469873385004e-18,2.22486461288905e-16,Downregulated
FAM78B,-1.89648271150083,6.0227563681897195e-18,2.34760093897764e-16,Downregulated
SYT12,1.07321729712119,1.1131731112145401e-17,4.27327761197113e-16,Upregulated
LOC124904428,1.19996323831442,1.15051213253752e-17,4.40826661897978e-16,Upregulated
HBQ1,-1.21534225780564,1.28330485981275e-17,4.88934327134297e-16,Downregulated
ASIC3,-1.34379206045987,1.62165338843401e-17,6.10953392754071e-16,Downregulated
MGAT3,-1.02205079516863,1.96198037001177e-17,7.337155003647329e-16,Downregulated
CLTCL1,-1.04211892565361,2.75737087120664e-17,1.0180173076227201e-15,Downregulated
PHLDB2,-1.08360168321039,3.70289356116542e-17,1.35232341605877e-15,Downregulated
EDN2,-1.3919301263635,4.0918828989097204e-17,1.4863507970967902e-15,Downregulated
FLRT3,-1.35068870480913,7.29519119061181e-17,2.5850739552886502e-15,Downregulated
MPP3,-1.07845798273924,1.38207197665082e-16,4.7804124393746505e-15,Downregulated
SPTSSB,2.11227568692887,1.48172369305264e-16,5.0826785296506106e-15,Upregulated
SLITRK1,-2.07270027240843,1.6870989068271898e-16,5.7568699903165604e-15,Downregulated
ABLIM3,-1.44608996253796,1.87463420495693e-16,6.3540068060655506e-15,Downregulated
HBA1,-3.56318728143844,1.95486875679939e-16,6.614897300762431e-15,Downregulated
PALD1,1.43856041081494,2.26811723289239e-16,7.58621587351417e-15,Upregulated
SCRT2,-2.65173036922999,2.62453535768042e-16,8.735091488476911e-15,Downregulated
ICAM1,4.90237843478574,4.91362310938904e-16,1.60377176818368e-14,Upregulated
RAB39A,-1.16562276689833,5.63399695543192e-16,1.83005583797515e-14,Downregulated
SLC6A17,-2.42595550729489,6.01584871539456e-16,1.95096380179732e-14,Downregulated
TMTC1,1.69930848483122,6.03554602308152e-16,1.95422495753737e-14,Upregulated
SLC37A1,1.16518804033695,6.145529629533709e-16,1.98666252090939e-14,Upregulated
LOC105375690,-1.16284726864804,6.16511037811631e-16,1.98981882570126e-14,Downregulated
ADIRF-AS1,1.79881598637304,6.324955120870249e-16,2.03816399594466e-14,Upregulated
STUM,1.83417098114401,6.80501178174339e-16,2.1859078257394102e-14,Upregulated
LOC105376328,-2.00068788600909,7.23835781429052e-16,2.32142839458631e-14,Downregulated
NWD2,-2.94436214311419,7.859846375487179e-16,2.50489349347091e-14,Downregulated
PRKAA2,1.37492520948634,9.56601047485891e-16,3.00144684698011e-14,Upregulated
CLSTN2,-1.42034523469827,1.0340014104022402e-15,3.2342862017658904e-14,Downregulated
BAIAP2L2,-1.03210665734492,1.6068686279179802e-15,4.95732423428759e-14,Downregulated
EGLN3,1.3449606939169,2.07101888330329e-15,6.34100932714113e-14,Upregulated
GRID1,-1.90982971874802,2.14977937366684e-15,6.57222897810756e-14,Downregulated
CELF4,-3.12669883117,2.5430913521275104e-15,7.75126595733422e-14,Downregulated
LRRTM4,-2.3113077569256,2.78456558896268e-15,8.4491556770486e-14,Downregulated
LOC105375350,-1.54793928544118,2.8724532611332403e-15,8.702803460375131e-14,Downregulated
MAGEC2,2.71632884614029,3.4599522608340304e-15,1.03895959073844e-13,Upregulated
SPARC,4.21167948579515,5.1664475911871605e-15,1.52429004695448e-13,Upregulated
TRIM38,6.73561911311467,6.33897293786597e-15,1.85940148303336e-13,Upregulated
LOC112268101,-1.67008835035667,6.96158448155365e-15,2.03908028694524e-13,Downregulated
FBLL1,5.85612204669442,7.0893199394196e-15,2.07349820854395e-13,Upregulated
KCNB1,-2.36178974628749,7.95421276132165e-15,2.30979854526115e-13,Downregulated
FXYD6-AS1,1.19037019276647,1.0362841565463601e-14,2.97935369773591e-13,Upregulated
RYR1,1.50337274264776,1.08087327581396e-14,3.09875819341912e-13,Upregulated
TSPAN12,1.42966599802349,1.20021870376764e-14,3.43604984557435e-13,Upregulated
CEMIP,1.26530296957038,1.3948989889688801e-14,3.97070551738083e-13,Upregulated
CHL1,-3.93834992299649,2.40271388382302e-14,6.74523652509816e-13,Downregulated
MAGEC1,6.78154269758579,2.42766436615999e-14,6.79645428697469e-13,Upregulated
LOC105372210,-1.87726076304229,2.46196651687464e-14,6.88297921800441e-13,Downregulated
TLE4,-1.57531274804417,2.71673245179797e-14,7.54321233773878e-13,Downregulated
DOCK8,1.36992701799976,2.7938983647427998e-14,7.74685717578274e-13,Upregulated
GABRA1,-2.25724877859527,3.8599392657680705e-14,1.05583143020045e-12,Downregulated
CA8,1.32868500019423,9.56238969898688e-14,2.51062275659022e-12,Upregulated
DOCK10,1.9457480416148,1.0493805240833e-13,2.74804830008325e-12,Upregulated
DAPK1,-1.13476511988312,1.2550655737217599e-13,3.25722459843358e-12,Downregulated
BMP7,1.08224608339852,1.37697035984088e-13,3.56447154835437e-12,Upregulated
PARD6A,-1.07242326503096,1.42177132119307e-13,3.67106788653022e-12,Downregulated
LOC105370854,-2.10789657145179,1.4454501335761e-13,3.72272284084548e-12,Downregulated
RGS1,3.24618740137465,2.3052813014119e-13,5.77574124824696e-12,Upregulated
MT1E,-1.2880137041487,2.86943096161322e-13,7.066888962446929e-12,Downregulated
SLC47A2,1.19843071669752,3.01053103482282e-13,7.38746410954283e-12,Upregulated
RGS11,-1.10488476189068,3.21787373952123e-13,7.83931283970623e-12,Downregulated
LOC124904705,-1.10707222527959,3.89938033141817e-13,9.409111897323199e-12,Downregulated
LOC101593348,-2.15205967469737,3.93240822979354e-13,9.47752466226936e-12,Downregulated
LOC107985541,-1.32777538826189,4.16946413932171e-13,9.96590432074432e-12,Downregulated
PTPRM,-2.70503948283424,4.25220552734301e-13,1.0139759274554798e-11,Downregulated
EPPK1,-1.19833231736584,8.65019694237395e-13,1.9878780252265e-11,Downregulated
EMX1,-1.6707303052739,9.00553858262109e-13,2.0625227291655e-11,Downregulated
UNC5A,-1.70836573022512,9.57756234247334e-13,2.18748311239545e-11,Downregulated
EPHA10,-1.13619935125288,1.1265881028829099e-12,2.5485283769345596e-11,Downregulated
PRKXP1,-1.33542357488073,1.31855232121704e-12,2.94986059588833e-11,Downregulated
LOC124903658,1.77871749322587,1.6984070762936299e-12,3.7705381193204396e-11,Upregulated
MEIS3,-1.00419801913712,2.67497872799037e-12,5.755747753464629e-11,Downregulated
LONRF3,1.84500831333321,3.17057282077127e-12,6.74337256077785e-11,Upregulated
APOBEC3B,4.03515828630082,3.92206284277727e-12,8.24650329463201e-11,Upregulated
CYP4X1,6.02666032164173,4.76785545384077e-12,9.90160473298141e-11,Upregulated
LOC101448202,-1.45358778032211,5.0556275890777894e-12,1.04777623315969e-10,Downregulated
HCN1,-1.28729786879275,5.157771841785099e-12,1.067853702361e-10,Downregulated
KCNQ2,-1.29332782661519,5.86935008475469e-12,1.2041078630353501e-10,Downregulated
PFKP,1.85871397517738,9.91772068840268e-12,1.9688764018925901e-10,Upregulated
ADORA1,1.12859005772932,1.1434378205554499e-11,2.25013021212024e-10,Upregulated
SPTLC3,-2.21103230638884,1.3921767314028e-11,2.69854920574958e-10,Downregulated
LOC102725180,-1.11125994069428,1.5884503511897697e-11,3.04025497339617e-10,Downregulated
TTBK2-AS1,-1.03985421871522,1.8630081280634002e-11,3.53901703352549e-10,Downregulated
SYT5,-1.28769759744821,3.66276682452714e-11,6.72469390999463e-10,Downregulated
NR2F2,-1.1099271801263,3.71909119199676e-11,6.8095988591312e-10,Downregulated
THSD7A,2.54331499791315,5.3362761830557004e-11,9.63143205292572e-10,Upregulated
HBM,-2.48515998170146,6.317917604140879e-11,1.12925812979128e-09,Downregulated
CEP15,-1.01112357526243,7.649782361003939e-11,1.3424540145038e-09,Downregulated
CTHRC1,1.01364674977894,8.48465155529341e-11,1.48126961562655e-09,Upregulated
LOC124903573,-1.16145028025039,9.30209543048078e-11,1.61148865196936e-09,Downregulated
KCNK2,-1.13718894825428,1.0105431778271801e-10,1.7417261625322401e-09,Downregulated
WIF1,3.7939726767828,1.01388009742915e-10,1.7459928372804902e-09,Upregulated
PCDH10,-1.16626590670698,1.0625068639956301e-10,1.82353527741977e-09,Downregulated
NTS,-1.88683137222452,1.2753229811995002e-10,2.17040482837386e-09,Downregulated
SCGN,-2.78786519073731,1.3520257482943e-10,2.2894076768736103e-09,Downregulated
WLS,1.180885797536,1.35922545569673e-10,2.2977598633458702e-09,Upregulated
EPB41L3,-5.63159034956982,1.5035220695727e-10,2.5248458018367102e-09,Downregulated
CREB5,-2.16310929906542,1.5340106231936501e-10,2.57178340128305e-09,Downregulated
KCNC1,-1.78113871047601,2.1157638207771202e-10,3.4752363762829403e-09,Downregulated
TGM3,-1.48264607775031,2.46901655802752e-10,4.0196382823019905e-09,Downregulated
DISP2,-2.57479160796222,2.70185727568283e-10,4.363660965802011e-09,Downregulated
IGDCC4,-1.42722719952554,2.86964149400466e-10,4.627268372472591e-09,Downregulated
EML6,1.29596528951706,4.68564525375434e-10,7.379436180912731e-09,Upregulated
ADAMTS2,1.73366508741057,4.74767592272017e-10,7.459739788962421e-09,Upregulated
KCNS2,-2.02729667459748,4.94743546827708e-10,7.75412789465375e-09,Downregulated
RORA,-1.77905075435113,5.12428207088136e-10,8.014203186319e-09,Downregulated
ELAVL3,1.13869743838986,1.15521675952047e-09,1.72423332096616e-08,Upregulated
LOC107987140,-1.92711752573328,1.1674900593338102e-09,1.74126975810427e-08,Downregulated
LRRK2,-1.69759968630945,1.2050318579124901e-09,1.7933032839962e-08,Downregulated
LOC105370021,-1.89324943845435,1.25760735894507e-09,1.86469960193544e-08,Downregulated
SHISA7,-1.32332727028546,1.2655079745296201e-09,1.87504248068281e-08,Downregulated
PTCD1,-1.33356801126683,1.3366122370682902e-09,1.97318233307627e-08,Downregulated
FAM131C,1.41798862585625,1.3813427816005501e-09,2.03624995201903e-08,Upregulated
CEMP1,-1.02680361414124,1.40816623730062e-09,2.07277570543546e-08,Downregulated
SHC2,-1.11639687513875,1.4677278969483301e-09,2.14952144098596e-08,Downregulated
CPNE4,-1.38105003702811,1.89462490197452e-09,2.73909787005147e-08,Downregulated
DGCR5,-1.21020841361116,2.06779804959274e-09,2.97038970001384e-08,Downregulated
JAKMIP1,-1.27265192509294,2.1584898755631702e-09,3.09190327122189e-08,Downregulated
RGS20,-1.80825968880521,3.0100989642191403e-09,4.22518669707464e-08,Downregulated
VWC2L,-3.4316904638085,3.0272262578160604e-09,4.2433505546109e-08,Downregulated
GATA3,-1.25949990737445,3.06443366623242e-09,4.28957223624758e-08,Downregulated
COL9A2,-1.50043564291607,3.47452772377753e-09,4.8170453100716e-08,Downregulated
SLIT1,-1.07558539792057,3.4791076963639e-09,4.82009801077237e-08,Downregulated
GABBR2,-1.34295590223083,3.5779740076127403e-09,4.94355522565116e-08,Downregulated
TRPV3,5.40007066600951,4.0709614590291e-09,5.57906138019344e-08,Upregulated
SH3GL2,-1.48981271300517,4.1762573034976304e-09,5.7040808143257e-08,Downregulated
PGM5,-2.7351705754145,4.245531631176331e-09,5.79479330857327e-08,Downregulated
EMP1,1.64817218840914,4.392436291648281e-09,5.97920021460169e-08,Upregulated
CHRM2,-2.5798728391353,4.632622204328081e-09,6.27245286970781e-08,Downregulated
NPHP1,1.53033682244882,5.028232200577891e-09,6.78092072345397e-08,Upregulated
SBSPON,2.00149237658387,5.264741981562591e-09,7.05294482645684e-08,Upregulated
EFEMP1,2.83236308838702,6.39533578128213e-09,8.45026472951809e-08,Upregulated
LIN28A,-4.98371435953188,7.78943517793011e-09,1.01860684917074e-07,Downregulated
SSTR5-AS1,-1.14759457552587,8.16858795426847e-09,1.06406882548244e-07,Downregulated
CNTNAP5,-1.44523848172299,8.259573322134121e-09,1.07453974111898e-07,Downregulated
PREX2,-1.04535443388754,9.28449677841651e-09,1.19560016011261e-07,Downregulated
ADAMTS6,1.47075435864081,1.01970433094534e-08,1.30482241691484e-07,Upregulated
ZSCAN31,1.25028236700079,1.02955515398634e-08,1.31659643004095e-07,Upregulated
AKAP3,-1.10777564407969,1.1123812377733e-08,1.41625975555446e-07,Downregulated
CCDC85A,-1.01139317254387,1.19251606776933e-08,1.50880825078756e-07,Downregulated
GYG2,4.89454225585526,1.37247484413169e-08,1.71932587241689e-07,Upregulated
FREM1,-1.63984317502475,1.40569300337002e-08,1.75767991889617e-07,Downregulated
SNPH,-1.48314096652907,1.59004918233088e-08,1.97358890855264e-07,Downregulated
TSPAN18,1.8360988640265,2.05016943533711e-08,2.50783852050983e-07,Upregulated
KCNH5,1.62187817082987,2.16707559700825e-08,2.64445847536185e-07,Upregulated
WDR72,-1.08587798956678,2.3609710246848e-08,2.86554022151714e-07,Downregulated
S100A4,4.43144970728183,2.55182741328292e-08,3.07326142839165e-07,Upregulated
ADAM12,-1.59529082011973,2.92931078275392e-08,3.4946556948581e-07,Downregulated
TMEM45A,1.75572582363307,3.68629479928739e-08,4.33899589353985e-07,Upregulated
HTRA3,2.42959710334649,3.85330795982143e-08,4.51460688078732e-07,Upregulated
RASGRP2,-1.1170622681651,4.04705909860072e-08,4.72250091361761e-07,Downregulated
PRRT4,1.56140604224297,4.10484213142292e-08,4.77892275484269e-07,Upregulated
APOD,1.21649017313464,4.52534394956295e-08,5.20864261860826e-07,Upregulated
ADGRF5,1.29696299672608,5.32415244920645e-08,6.06265426926772e-07,Upregulated
LOC124904905,5.26063935391523,5.48874688016705e-08,6.23257201759697e-07,Upregulated
TRIM49B,-3.95512715381926,6.21939014709355e-08,7.01507061165493e-07,Downregulated
CALCA,-1.6413575067446,6.60674923373029e-08,7.4107471067227e-07,Downregulated
EN1,-5.15152374166274,7.04084728132746e-08,7.88022824656137e-07,Downregulated
PHYHIPL,-1.27781955411207,7.41949813767676e-08,8.26295646992144e-07,Downregulated
HSPE1,1.06496587664329,8.0615556206779e-08,8.92894376368964e-07,Upregulated
MDFI,2.20222504065544,8.1688821912498e-08,9.03582168333247e-07,Upregulated
CD44-AS1,1.03163522735422,8.41496405880396e-08,9.27980992970063e-07,Upregulated
TMEM88,1.4641326861323,8.66495065960724e-08,9.50892717485539e-07,Upregulated
AFAP1L2,-1.42994518337562,8.80433443517695e-08,9.64621917116765e-07,Downregulated
TFF2,5.3134254354404,9.55971821094986e-08,1.04063334273761e-06,Upregulated
MAGEE2,5.04186093196287,1.01436851031583e-07,1.09889018362328e-06,Upregulated
FBXO27,3.37627320623593,1.09178196001524e-07,1.17521659838284e-06,Upregulated
CD38,-1.37732845900565,1.20890939100456e-07,1.29033093450613e-06,Downregulated
CARNS1,-1.23906269679355,1.24771400417817e-07,1.32825184614954e-06,Downregulated
SAMD5,1.63314728083185,1.31014928059012e-07,1.38815555505913e-06,Upregulated
RAB31,1.3802097290515,1.33404399571929e-07,1.41052361759177e-06,Upregulated
FOXF2,-1.23569485667456,1.37070332183013e-07,1.44326159117791e-06,Downregulated
FAIM2,1.26628330646606,1.44113169704422e-07,1.51113804280338e-06,Upregulated
BHLHE41,-1.02356450664939,1.49664123882312e-07,1.5644879458332e-06,Downregulated
GALNT17,-1.61918174940687,1.66005209816366e-07,1.71583865260985e-06,Downregulated
IGSF9B,-1.71067558635068,1.82825474563974e-07,1.87629850325934e-06,Downregulated
DOK3,1.03516587618178,1.94920747821421e-07,1.99035195848482e-06,Upregulated
PRICKLE2-AS1,1.07672266726206,2.25903503974196e-07,2.2802978695483e-06,Upregulated
SYN2,-1.35962506392426,2.43783993309723e-07,2.4449568334462e-06,Downregulated
NAV2,2.37251344570327,2.50995299336662e-07,2.51106797742093e-06,Upregulated
NAT16,-1.66186680617517,2.88055106267206e-07,2.85226621833414e-06,Downregulated
S1PR3,1.18652184445244,2.91581537935722e-07,2.88295911825324e-06,Upregulated
ADCYAP1R1,-1.74770698522959,3.33978121270919e-07,3.2658736763262e-06,Downregulated
SIX2,1.59997662065008,3.46200086992239e-07,3.37524269516387e-06,Upregulated
TFPI,4.25774212315624,3.76127660962714e-07,3.64771844978625e-06,Upregulated
MSRA_1,-1.76710611443092,3.95720487825172e-07,3.81219513675305e-06,Downregulated
PHACTR1,-2.70957201814714,4.3135820114249e-07,4.11832283511876e-06,Downregulated
SCN3B,-4.74037579939141,4.4901378322759e-07,4.2727982968263e-06,Downregulated
GOLGA7B,-1.99681834181253,4.59336490821542e-07,4.36079219319056e-06,Downregulated
KCND3,-3.71676952742973,4.62982594691538e-07,4.38513748215083e-06,Downregulated
RFPL1S,-1.61882413226367,4.90807783357993e-07,4.62921496551101e-06,Downregulated
LOC105372435,-1.74927353949953,5.56218180101968e-07,5.18582626149347e-06,Downregulated
RGS7,-2.60161905453635,6.11442209563191e-07,5.65388784016256e-06,Downregulated
RPRML,-1.06588278284646,6.30837963333002e-07,5.82261142021704e-06,Downregulated
FSCN2,-1.53679602685291,7.46225106780483e-07,6.79175423858717e-06,Downregulated
POU4F2,-1.48956977272363,8.0250679038055e-07,7.261611667064e-06,Downregulated
MAGEA11,-2.71558124435009,8.50025597451269e-07,7.65400659028866e-06,Downregulated
LOC105371843,-1.57066506565251,9.25851103308056e-07,8.2925656265802e-06,Downregulated
PKP1,1.81944185825334,9.30563007392606e-07,8.33108727775651e-06,Upregulated
TARP,3.33396215862546,1.00070220540187e-06,8.91570681375403e-06,Upregulated
ZNF827,1.4221740890838,1.05740716709125e-06,9.37968747035998e-06,Upregulated
CELF6,-2.41414356152071,1.37704728220093e-06,1.19688556444814e-05,Downregulated
LOC124901284,-4.77585592773138,1.38795558811169e-06,1.20461244236758e-05,Downregulated
NUDT11,-1.22183934880672,1.5238986409781e-06,1.30604234900572e-05,Downregulated
CDH22,-2.63240499486837,1.79025240702816e-06,1.51383504539231e-05,Downregulated
DIO2,2.34124291382478,1.82385357318452e-06,1.54032033645321e-05,Upregulated
LOC105374879,-4.52993188931726,1.88158930096169e-06,1.58380122679371e-05,Downregulated
LOC124903206,-1.95886267492725,1.89988693079357e-06,1.59655092040858e-05,Downregulated
LAMB3,1.47012231325101,1.93164743775453e-06,1.61988257823114e-05,Upregulated
AKAIN1,-4.5808511454561,1.97013678238157e-06,1.64943008847964e-05,Downregulated
LOC105372209,-2.91359696419611,2.20483558683708e-06,1.83230063589999e-05,Downregulated
PTGFR,1.28031209202331,2.30500364918034e-06,1.90850159171717e-05,Upregulated
MICA_2,1.0846905597527,2.46650937446858e-06,2.03226335410991e-05,Upregulated
BSN-DT,-1.25551076013227,2.61379613141439e-06,2.14316479723456e-05,Downregulated
TMEM45B,1.00533306072124,2.85479349136733e-06,2.32571580693426e-05,Upregulated
AMER3,-1.76501260052854,2.86520145705067e-06,2.33325706440177e-05,Downregulated
TAF11L12,-2.3769132084238,3.24345442151786e-06,2.60879276467244e-05,Downregulated
LOC105374933,-4.71642614994764,3.29902601392418e-06,2.64823597133581e-05,Downregulated
H3Y1,-3.2776680889401,3.30240971224102e-06,2.64885407429415e-05,Downregulated
PEBP4,2.22515835196185,3.48476939683395e-06,2.78191378119052e-05,Upregulated
PAPLN,1.26286184674321,3.50141561126166e-06,2.79366333450618e-05,Upregulated
LAMA1,-2.88859930220377,3.50224408356614e-06,2.79366333450618e-05,Downregulated
HOXA3,-1.09786060068792,3.94837880199028e-06,3.11406928716749e-05,Downregulated
AGBL3,-1.01552862141296,4.31488090187045e-06,3.37156210485783e-05,Downregulated
FSTL4,-1.26276241030513,4.32248972900219e-06,3.3762059467108e-05,Downregulated
LOC107986888,-1.85773117662761,4.37024807268225e-06,3.40825541305104e-05,Downregulated
CPLX3,-2.92279435956987,4.51704026970972e-06,3.51057857464518e-05,Downregulated
GFY,-1.64738694019153,4.85408201415914e-06,3.7523794181919e-05,Downregulated
LINC00537,-1.01051506804131,4.86999590664038e-06,3.76181200578102e-05,Downregulated
SEC14L5,-2.01386171784769,4.90189150823806e-06,3.78356584084072e-05,Downregulated
LOC105369367,1.33731003439406,5.29041519656467e-06,4.05411817085706e-05,Upregulated
ABCB1,-3.83420514963202,5.30394404642785e-06,4.06294942845979e-05,Downregulated
TRDN,1.76201447656851,5.38612484164735e-06,4.11501562063136e-05,Upregulated
NXPH1,-2.1917036625592,5.53053507761489e-06,4.20947861390072e-05,Downregulated
SGCG,4.50540541667049,5.74921463069256e-06,4.35792189040791e-05,Upregulated
TAF11L11,-3.56836624016553,5.94445283411668e-06,4.48912498117403e-05,Downregulated
TMSB4X,-1.33311589167765,6.7888728241621e-06,5.07014234609217e-05,Downregulated
HLA-DQB1,1.37732599652131,6.8456620474175e-06,5.10690923956957e-05,Upregulated
ZBTB8B,1.93824117943122,7.6215350653326e-06,5.62566985576207e-05,Upregulated
COL4A3,-1.24843581574653,7.90968216911216e-06,5.81834427422745e-05,Downregulated
KCNH4,-1.88242055440836,8.16516425160367e-06,5.99202441041835e-05,Downregulated
ANO1,1.34353847231575,8.69225568671594e-06,6.34437632387632e-05,Upregulated
DAPK2,-1.17005013238771,8.74064169288135e-06,6.37739620133233e-05,Downregulated
SALL2,1.19746591302062,8.93777529168216e-06,6.49783957629504e-05,Upregulated
LOC105374918,2.26355261473199,9.51350250160307e-06,6.87938573688878e-05,Upregulated
ANK1,-1.12200413484414,9.57605895403448e-06,6.91810144735884e-05,Downregulated
MIR9-3HG,-1.14600589137685,1.01529201576198e-05,7.30009005586363e-05,Downregulated
LOC105370301,-4.52073812590661,1.22175080521087e-05,8.60746161655168e-05,Downregulated
LOC124900718,1.10430373048754,1.24834144914724e-05,8.78868802805326e-05,Upregulated
LOC124909476,2.6925522952579,1.31104485290214e-05,9.18864734559942e-05,Upregulated
TUBB8B,1.14714535181538,1.33356557596761e-05,9.33357757572083e-05,Upregulated
APLF,1.03868810723338,1.35557103019843e-05,9.47777482272918e-05,Upregulated
LOC107985108,2.89507009638836,1.65540168702075e-05,0.0001134424101044,Upregulated
FEV,-1.14191984144393,1.82986674345698e-05,0.0001235906998438,Downregulated
ZNF534,1.4705841382664,1.86357335426503e-05,0.0001258253441625,Upregulated
GFUS,-1.46339287434625,2.0049562235168e-05,0.0001344753729135,Downregulated
L3MBTL4,3.08385748473206,2.02480857549378e-05,0.0001355825735602,Upregulated
EVX1,-1.30070768979125,2.2068725321061e-05,0.0001461800632459,Downregulated
DACH1,1.16829045754438,2.31739636071359e-05,0.0001527025579821,Upregulated
SGPP2,-1.11659729756746,2.43782165020722e-05,0.0001599100551069,Downregulated
NTN3,-1.13367696536419,2.52046764784038e-05,0.000164426645491,Downregulated
LOC124904560,-4.72528936008541,2.5254894853125e-05,0.0001647012431718,Downregulated
ELF5,-3.94353822768341,2.55294555477032e-05,0.0001663312550615,Downregulated
UGT2B4,1.47693727769797,2.6009776342933e-05,0.0001688635991976,Upregulated
ATP2C2,1.04369331783647,2.97000847722308e-05,0.0001900224173763,Upregulated
GABRB1,-1.95673390534757,3.09169455443041e-05,0.0001971855158078,Downregulated
INSM2,-2.68871461790053,3.28914860989907e-05,0.0002089243283423,Downregulated
ICAM4-AS1,4.05233993454681,3.38791047139095e-05,0.0002143244611255,Upregulated
SMARCA1,2.16442936905929,3.5311754000083e-05,0.0002222086127996,Upregulated
CD36,-1.02631924552311,3.54436981983129e-05,0.0002229696830482,Downregulated
GUSBP1_1,1.37492148364294,3.69713123264711e-05,0.0002315484592588,Upregulated
ARMCX3,4.45980674418225,3.76639403503867e-05,0.0002354025306697,Upregulated
CDH18,2.12636826739987,3.76998293741748e-05,0.0002355542051742,Upregulated
KLF8,4.36904891592529,3.82735067244494e-05,0.0002387706087404,Upregulated
LNCDAT,4.16952211956351,4.35956827785385e-05,0.0002685022468058,Upregulated
LOC100288175,-1.01818041290867,4.39368863656202e-05,0.0002704393409489,Downregulated
FAM47C,4.03921922661832,4.40253649491667e-05,0.000270737294343,Upregulated
PDGFRA,1.31841953622278,4.64177576525511e-05,0.0002844140053988,Upregulated
BCL11B,-1.42017829381754,4.74438673249349e-05,0.0002901749386871,Downregulated
RUFY1,-2.5472968971231,4.7573080941499e-05,0.000290614459796,Downregulated
CNRIP1,-2.56433905453595,4.88933949451889e-05,0.0002979615821238,Downregulated
C12orf56,1.58494558016528,4.95266267178196e-05,0.0003012729804981,Upregulated
HAS2,1.80651160004739,5.36105222803673e-05,0.0003234022845537,Upregulated
CPNE9,-4.22636972117372,5.51586940450215e-05,0.000331754174955,Downregulated
IRAIN,-1.19180235998725,5.7605394321824e-05,0.0003449346344192,Downregulated
AVPR1A,-1.20278041197244,5.77943028879372e-05,0.0003458614482537,Downregulated
LRP4,1.76954314649466,6.34026480023986e-05,0.0003763128176751,Upregulated
STIM1-AS1,-1.37014715699907,6.37084190709632e-05,0.0003779063348403,Downregulated
CXCR4,1.71521835711834,6.53713851024658e-05,0.000386864994056,Upregulated
EDARADD,1.07937074099067,7.22967916010134e-05,0.0004236437319921,Upregulated
STBD1,-1.06536197030663,7.25942156885956e-05,0.0004252636294196,Downregulated
LOC105371793,1.56093638110524,7.32020063833143e-05,0.0004284526327991,Upregulated
LOC112268289,-1.07767458919232,7.59657524245088e-05,0.0004437319411793,Downregulated
ALDH1A1,-1.48879966068801,7.83673548791928e-05,0.0004561826295365,Downregulated
LOC124900795,1.72292753080555,8.6192723003854e-05,0.0004954737103134,Upregulated
CA13,1.33200784233023,8.7598718711626e-05,0.0005027005746222,Upregulated
APOBEC3B-AS1,4.12753509623001,8.90483311161409e-05,0.000510152804803,Upregulated
CARD11,1.05181499905057,0.0001026988642285,0.0005785445467058,Upregulated
RPL21P28,1.81938255063682,0.0001031109378388,0.0005803820047363,Upregulated
ZNF812P,1.19135288037248,0.0001035455524117,0.0005823431747597,Upregulated
SHISAL1,1.52222373982149,0.0001055042556083,0.0005920424990563,Upregulated
POLN,-1.39766907841481,0.0001082330918232,0.0006055138112518,Downregulated
LOC107985206,-2.32977036324736,0.0001109136410188,0.0006189726293532,Downregulated
SYT1,-1.5177474303509,0.0001123553803162,0.0006260758650282,Downregulated
PTGS1,2.14867281703961,0.00011237179915,0.0006260758650282,Upregulated
H2AC14,-3.08633488237032,0.0001198847000555,0.0006639188484768,Downregulated
LOC107985923,1.1575366690628,0.0001286295183417,0.0007079056287213,Upregulated
LOC107984498,-1.30216244092175,0.0001301217359168,0.0007145590531832,Downregulated
IKZF3,1.38590421012999,0.0001355274028674,0.0007408319656742,Upregulated
MIR3976HG,3.28372081720375,0.0001366260211941,0.0007458316249888,Upregulated
TRPV4,1.0949131256349,0.000146916629072,0.0007951543804167,Upregulated
CYP4F35P,-1.93939970612742,0.0001470709267379,0.000795776992539,Downregulated
KRT15,1.36495383639278,0.0001746371873341,0.0009285732292959,Upregulated
NAALADL1,4.39086496880103,0.0001755819071401,0.0009333516065628,Upregulated
SERPINB9,3.28165567996774,0.0001796984959563,0.0009532344450505,Upregulated
MAP3K5-AS1,3.89884466033042,0.0001801775168932,0.0009552754616556,Upregulated
SLC25A47,-1.22795957956909,0.0001986647580918,0.0010456338565992,Downregulated
LOC107986126,1.25826469782427,0.0001995118189914,0.0010492747947946,Upregulated
LINC00941,2.13523039699068,0.0002072334434469,0.0010848178370937,Upregulated
GDAP1L1,-1.98816305934993,0.0002078772868604,0.0010877587788217,Downregulated
TRIM53AP,-4.45671432533547,0.0002094912044563,0.0010949104763071,Downregulated
GPC3,1.05231604073139,0.000209539579535,0.0010949104763071,Upregulated
DMKN,1.26552611248313,0.0002164721630039,0.0011273572127251,Upregulated
LOC121725015,2.07951444515487,0.000217205299448,0.0011305943026482,Upregulated
STAT6,1.07438889409381,0.0002247147431733,0.0011669851727849,Upregulated
GPR149,2.30779035186842,0.0002249225729364,0.0011677652742952,Upregulated
LOC124901395,1.01141009166207,0.0002299320300074,0.0011908490696529,Upregulated
PCDH18,1.29617922980251,0.000230333992566,0.0011925005607462,Upregulated
TMEM132D-AS1,1.88490319908275,0.0002307967601338,0.0011942863240116,Upregulated
CRYBA2,-1.12164976015464,0.0002423507297644,0.0012486545352301,Downregulated
EPHB1,-1.81225003860212,0.0002554906746734,0.0013087036858622,Downregulated
ZC3H11B,3.4706089651082,0.0002733889932947,0.001390893952081,Upregulated
FOXO6_1,-1.35123857622229,0.0002813643526485,0.0014282429411053,Downregulated
MAJIN,-1.12153868636996,0.0002899265605799,0.0014668117448174,Downregulated
COL2A1,2.65301498865566,0.0002908495787946,0.0014704212454079,Upregulated
DNER,-2.636237381025,0.0002967977857224,0.0014968385963693,Downregulated
FOSL1,1.53974334402241,0.0003085190100225,0.0015482475400215,Upregulated
POU3F3,-1.23205156608204,0.0003116017943806,0.0015610125482703,Downregulated
ADGRF1,2.70354918711329,0.0003262570788779,0.0016259908364339,Upregulated
PPARGC1A,-3.40869358928189,0.0003361508279133,0.001668734051182,Downregulated
HDAC9,1.29650788506743,0.000343085725167,0.0016973406305617,Upregulated
LINC01322,-1.13463139572594,0.0003487991907126,0.0017235033633729,Downregulated
LOC107985236,-1.61935008209074,0.0003667873586204,0.001805345549266,Downregulated
DCLK1,-2.21944655404345,0.000432123893964,0.0020868999777833,Downregulated
TPM2,1.69909030638011,0.0004367040271481,0.0021060085477673,Upregulated
SERPINB5,1.00131007579214,0.0004423200221837,0.0021315702638235,Upregulated
LOC124904607,-3.88907795709474,0.0004436472921863,0.0021374582755705,Downregulated
PRAMEF12,-3.34637260166149,0.0004603864972333,0.0022086565473189,Downregulated
EOMES,-1.83182187545972,0.0004835893040472,0.0023046958861353,Downregulated
LOC105374284,-2.66584764718253,0.0004917882612838,0.0023393701638023,Downregulated
LOC100129603,3.67932931765718,0.000499190528905,0.002367913136058,Upregulated
LRRC3B,-1.41173333247596,0.0005205381168783,0.0024593909303045,Downregulated
TMEM86B,-1.03427386234279,0.000582730228157,0.0027208843571791,Downregulated
SMIM1,-1.43036095534484,0.0006019076382611,0.0028001069359456,Downregulated
TRIM49,-3.09558083903222,0.0006063764960802,0.002817017006429,Downregulated
FOXF2-DT,-1.40101758298147,0.0006228548635383,0.0028810235575212,Downregulated
HRNR,-1.0119073129589,0.000636688264807,0.0029376358842191,Downregulated
GRIA2,-1.15425973622221,0.0006559381253567,0.0030154705971548,Downregulated
IGF1,1.19996384505834,0.0007068391822661,0.0032253316941359,Upregulated
FREM3,-1.49732309795866,0.0007450520755466,0.0033800894808342,Downregulated
CACNA1B-AS2,-3.52994507645354,0.0007523567056238,0.003410762260409,Downregulated
NALCN,-1.4988483816,0.0007564112182006,0.0034268437598811,Downregulated
PCBP3,-1.43036250101845,0.00076014288044,0.0034399053457556,Downregulated
KCNK3,-1.70525640634139,0.000766072762689,0.0034621023025516,Downregulated
SNORA50C,-1.21673494570279,0.0007669146829878,0.0034651345763444,Downregulated
HS3ST1,-3.42811377803067,0.0008417666434276,0.0037663947230983,Downregulated
SNTG1,-2.95169533555235,0.0008580901287131,0.0038284457008335,Downregulated
ABLIM2,-1.44756805995272,0.0008644329665818,0.0038541996919592,Downregulated
NT5C1A,1.28256390041254,0.0009036227412379,0.0039964061405525,Upregulated
ANO5,-1.04786007650135,0.0009241050604885,0.004074545458134,Downregulated
LOC124904916,-1.97468322329502,0.0009493023136483,0.0041783732020279,Downregulated
ISL1-DT,-1.13552318220999,0.0009543897204302,0.0041962093803472,Downregulated
LOC124906233,1.13890302198194,0.0009597788126542,0.0042171594957053,Upregulated
LOC107983998,-1.76720502009641,0.000964505518483,0.0042370096129458,Downregulated
LOC124900844,-1.82126731884113,0.0010163269742632,0.0044281881860151,Downregulated
NLRP1,2.0132305425319,0.001044757562087,0.0045335454990243,Upregulated
LOC124903997,2.55948497205114,0.0010621749971775,0.0045982966718907,Upregulated
PLEKHG4B,-3.27897079187091,0.0010656707044443,0.0046094919992281,Downregulated
SLC7A10,1.44493375226879,0.0010754228258795,0.0046431607239577,Upregulated
ACSF2,1.40004350591888,0.0010922500464202,0.0047073817118631,Upregulated
PPP2R2B,-1.31757653110256,0.0010938403848086,0.0047112305056707,Downregulated
FLRT1,-1.0531347858176,0.0011197177937244,0.0048104196610854,Downregulated
RUNX2,2.51502813342261,0.0011519246121811,0.0049372721430111,Upregulated
RASAL1,1.03646506046985,0.0011807941378579,0.0050407574516098,Upregulated
DNAH11,1.5481574113115,0.0011858454746381,0.0050569959868377,Upregulated
TAL1,3.8521024530376,0.0012642161270808,0.0053473281886063,Upregulated
TLR3,1.55508419136465,0.0012666900582883,0.0053556686429281,Upregulated
LOC124903554,-3.58493629723153,0.00126946693512,0.0053661783749631,Downregulated
LOC105372861,3.19088136024676,0.0012798770324023,0.0054068002438021,Upregulated
DISP3,-1.51580584448702,0.001296258022332,0.005468023695036,Downregulated
FOXD4L4,-1.20178992608372,0.0013055782703324,0.0054993279221462,Downregulated
NPPB,-3.49465125419296,0.0013426604129281,0.0056379498466212,Downregulated
XDH,-3.79683363881674,0.0013686262089846,0.005735101225948,Downregulated
ARNT2-AS3,-1.22284016370227,0.0013716933092117,0.0057443908438868,Downregulated
PCP2,1.2644849400183,0.0013782586260685,0.0057647387725514,Upregulated
LOC101929457,-3.514428311572,0.0013802426967736,0.005771846342254,Downregulated
ATP8A2,-2.21071269400008,0.0013824639054078,0.0057775589481877,Downregulated
LOC643406,-1.00502451451023,0.0014056795382781,0.0058634473434331,Downregulated
LINC00937,-2.35134720395797,0.0014286464169696,0.0059484868992517,Downregulated
LOC124902011,-2.85943725001854,0.0014587632030142,0.0060577077160205,Downregulated
CCDC110,-1.00279420364239,0.0014974966444634,0.0061982355496487,Downregulated
INPP1,1.16439528085034,0.0015060356803106,0.0062310343343982,Upregulated
ISL2,-1.5737696191123,0.0015182548910033,0.0062764651000911,Downregulated
SLC35D3,1.87654074160764,0.0015451074658219,0.0063731752594109,Upregulated
DYNLT4,-1.04882620229556,0.0015636212352974,0.0064364416771411,Downregulated
LOC112268276,-1.95447042499335,0.0016436131663842,0.0067319543919391,Downregulated
DOCK8-AS1,1.08770111131893,0.0017137223677363,0.0069819977229443,Upregulated
LOC102723546,3.98939636823189,0.0017352812853115,0.0070556502250709,Upregulated
LOC102723335,-1.81127685360838,0.0017674380752401,0.0071705769309531,Downregulated
COL6A3,1.61643678355418,0.0017947951853063,0.0072702869116361,Upregulated
FLNC-AS1,-1.20069078981307,0.0018396862771187,0.0074413492618079,Downregulated
FAM131B,2.08899790937319,0.0018791809032204,0.0075784157834011,Upregulated
CDH13-AS2,3.77199223621661,0.0019084310257176,0.0076795688823248,Upregulated
LOC105376032,-1.31795240922275,0.0019455446219032,0.0078149512368918,Downregulated
LINC02296,-3.62304526752491,0.002012984919241,0.0080475722540626,Downregulated
LOC105378948,-1.20816209850913,0.0020197941598491,0.008071610375785,Downregulated
LINC02084,-1.55377143527709,0.0020209200721598,0.0080745178282292,Downregulated
LOC124901969,1.09327697916508,0.0020335240340242,0.0081168764564076,Upregulated
LOC105369325,1.75637235315364,0.0020381582979195,0.0081321713662465,Upregulated
LOC107985788,-2.56642845069548,0.0020496646099542,0.0081636179955123,Downregulated
CYP2D7_5,1.8505661612556,0.002102424418251,0.0083458755451488,Upregulated
HSPA12B,1.19676616784075,0.0021744954851748,0.0086066879494256,Upregulated
GFRA1,-1.09573575269245,0.0021795514388932,0.0086245199442204,Downregulated
CD33,3.41045259085942,0.0021799421132347,0.0086245199442204,Upregulated
LOC107984906,-2.37211124068147,0.0022136157543458,0.0087342374391347,Downregulated
ZFYVE28,-1.20325720935214,0.00227911556233,0.0089752075641863,Downregulated
ACP5,-1.61841046481962,0.0023045164568406,0.0090681894901385,Downregulated
NRG3,-1.65082181494817,0.0023707219666675,0.0092944223486237,Downregulated
PCDH8,-2.18446739976853,0.0023835510643176,0.0093302812905858,Downregulated
RUNX1T1,2.90885148834125,0.0024143513959718,0.0094362685007623,Upregulated
LOC124907869,1.57864135669394,0.0024183108181327,0.0094480998405422,Upregulated
ANKRD30B,-1.0723439741034,0.0024473813609974,0.0095414450482897,Downregulated
CEL,-1.25298985778399,0.0025170009422652,0.0097696461315153,Downregulated
GALNT6,2.30837768031031,0.0025615719743331,0.009912276125956,Upregulated
LOC124903922,-1.03446210096038,0.0025832974172296,0.0099887171594481,Downregulated
OPRD1,2.11552230018345,0.0026189713369925,0.0101092991867268,Upregulated
CXCL13,2.58171570922143,0.0026333999784675,0.0101630586754681,Upregulated
NRSN1,-2.78628393381094,0.0027053072543481,0.0103970179632883,Downregulated
TENM2,3.23733640318641,0.002719294643493,0.0104408757584696,Upregulated
OPRM1,-3.17959950617971,0.0027212918278701,0.0104445870212272,Downregulated
CDH13,3.31694896449281,0.002736474484486,0.0104949103738974,Upregulated
FAM225A,1.03185943439035,0.0027436360015018,0.0105144182481453,Upregulated
GRM1,-1.91525273105864,0.0027447290636307,0.0105166187884183,Downregulated
SLC25A48,1.52028246444646,0.0027475526752359,0.0105234590276563,Upregulated
STK32B,-2.35301839504477,0.0027937586981499,0.0106762245574663,Downregulated
LOC124903623,1.96061640318555,0.0028388061909072,0.0108238831233068,Upregulated
HTR3A,3.1909024728147,0.0028703296997242,0.0109317385726626,Upregulated
LOC105374117,2.52473378504473,0.0028798364492076,0.0109638251294122,Upregulated
CLXN,-2.71541707248925,0.0029099860530976,0.0110499786604464,Downregulated
PLAAT1,-3.69222855759895,0.0029359326684837,0.0111334741361079,Downregulated
IMPG1,3.30300708551932,0.0030283553752768,0.0114347494600385,Upregulated
LOC441052,1.03442184601358,0.0030991887284906,0.0116782778095885,Upregulated
DMGDH,-1.37000837646835,0.0031018091160476,0.0116859793630428,Downregulated
KLHL31,1.06457987668048,0.0031669945644916,0.0119150246927171,Upregulated
EFS,3.66698747577138,0.0032254269105811,0.0120989647886615,Upregulated
NR5A2,-1.23442307941071,0.0032281989458853,0.0121058953624701,Downregulated
FMN2,-1.44629906799393,0.0034548796077618,0.0128560592564211,Downregulated
TAF11L14,-3.04235830065679,0.003537769132837,0.0131307530769958,Downregulated
SLC15A2,1.70780907509759,0.0035398329700891,0.013136007775675,Upregulated
LUM,-1.34133256571586,0.0035981029944528,0.0133181062079191,Downregulated
C3,1.00297449818909,0.0036142335628125,0.0133621209437664,Upregulated
CDCA7L,3.38939495138032,0.0036362843910487,0.0134300015164297,Upregulated
RPL7A,2.710058578385,0.003699097719439,0.013629705812636,Upregulated
LINC03131,3.67387301446381,0.0037591946655826,0.0138184832565643,Upregulated
GCG,1.28277338294221,0.0037637009335861,0.0138325392969824,Upregulated
RPSAP9,1.36982645317762,0.0037679120750291,0.013842996166171,Upregulated
LOC124903173,-3.10137163309451,0.0037787376634616,0.0138777375793993,Downregulated
NFATC2,1.9936211348279,0.0039261751500065,0.014354192661523,Upregulated
LOC101929298,1.12532908197135,0.003960440382349,0.0144690277775473,Upregulated
NKX2-1,1.04520652950323,0.004041062068303,0.0147343563702885,Upregulated
HDAC4-AS1,-1.04235567564338,0.0040420251094827,0.014735217076278,Downregulated
MIR4435-2HG,2.73180039710765,0.0040758788559288,0.0148426138215635,Upregulated
H2AX,-1.01293808696342,0.0040867273333467,0.0148687625775634,Downregulated
MIR34AHG,-1.08595548742164,0.0041497564102065,0.015071673618868,Downregulated
PTGDS,-1.1196458586648,0.0041807607820271,0.015167324197406,Downregulated
PALMD,1.5249854889935,0.0041817554399953,0.0151682177904913,Upregulated
GRM2,-1.15649485465316,0.0041981740943563,0.0152196012732087,Downregulated
SOX9-AS1,1.8374625301563,0.0042224354620817,0.0152829543537382,Upregulated
LOC107985687,-2.65046219722308,0.0043063234356471,0.0155477145915803,Downregulated
TRIM49C,-2.68980497077147,0.0043185569719789,0.0155752368799007,Downregulated
SNORA26,1.44739484948422,0.0043507081897681,0.0156744586381819,Upregulated
LOC107986642,-1.21135997349164,0.0043835365333968,0.0157759058940731,Downregulated
RCSD1,3.27275634866916,0.0043879989502389,0.0157891622088397,Upregulated
LOC105373218,-2.41397462522601,0.0044662128986049,0.0160392752023075,Downregulated
LOC105373220,-3.40409042739598,0.0045017510083688,0.0161611744932038,Downregulated
PLEKHF1,1.4971680506021,0.0045635446059706,0.0163656202438817,Upregulated
LINC01541,3.30308067275963,0.0046416234200264,0.0165986353388347,Upregulated
ANKRD34C-AS1,-2.45006402536504,0.0048566798400181,0.0172580721734447,Downregulated
DDC-AS1,-1.80508501575821,0.0048854470313567,0.0173420535689264,Downregulated
LOC124903634,-1.27051918800972,0.005076487828091,0.0179260159908671,Downregulated
SLC34A2,-3.32188712757723,0.0051242910822616,0.0180837240462402,Downregulated
SOX6,-1.52616717287505,0.0051344538387955,0.0181117725127998,Downregulated
ZNF853,-1.27651461902168,0.0051418212919228,0.0181314502028505,Downregulated
LOC124904771,-1.52939636383175,0.0053979277484529,0.018935721276115,Downregulated
ASZ1,1.07153781182162,0.0054001347428859,0.0189401853441004,Upregulated
GJA1,2.0973375404239,0.005455836038259,0.0191123990078592,Upregulated
NPIPB12,-1.74071125956597,0.0055075705018231,0.0192503787724527,Downregulated
MIR7-3HG,-1.72850029080345,0.0055329206314437,0.0193256536754667,Downregulated
PDE4C,-1.08118049997501,0.0055382354357548,0.0193408845705229,Downregulated
CCR5AS,-2.25444928055792,0.0055609495866723,0.0194034923691276,Downregulated
ANXA1,1.11148105104826,0.0058229516011269,0.0201959969204727,Upregulated
ZFP69,3.27435929284419,0.0059869601479946,0.020701073906466,Upregulated
DGKG,1.00355577456793,0.0060064034875606,0.0207506037650191,Upregulated
GRK7,-3.79773429889621,0.0060206820915645,0.0207893024384876,Downregulated
SPICE1,1.20386941167688,0.0062505097761103,0.0214840737073055,Upregulated
LOC105379154,-2.18045444716943,0.0062575151121779,0.021504505562688,Downregulated
GARIN1A,-1.01823245229452,0.0062798054353818,0.0215591762143892,Downregulated
FMC1,1.23960696284162,0.0062838147743441,0.0215692873261951,Upregulated
SLC6A12,2.26828139420978,0.0062887033886463,0.0215824126285933,Upregulated
KRT32,3.2160147243325,0.0063434625138131,0.0217445698786534,Upregulated
VSTM2A,-3.40635133556804,0.0064327179149835,0.0220058665685742,Downregulated
LINC01023,-1.00101155875057,0.0064665911369359,0.0221050568481239,Downregulated
LOC112268415,1.30495169855425,0.0065193345037463,0.0222645983245887,Upregulated
TMEM100,3.02708090540801,0.0066143693410829,0.0225511610049472,Upregulated
LINC03047,3.39775928000677,0.0066298048865509,0.0225847924782356,Upregulated
LOC105375228,-1.95233738966525,0.0067589960253424,0.022982400677347,Downregulated
CHMP1B2P,2.30310278637683,0.0067714976309616,0.0230210475481318,Upregulated
NTSR2,-3.54288435152732,0.0067730902400021,0.0230226003814528,Downregulated
IL23A,-1.007292744152,0.0067773734030303,0.0230332966978575,Downregulated
LINC00622,3.04639889459361,0.006787366727721,0.0230556621759977,Upregulated
ELMO1-AS1,-1.60313183757034,0.0068822534370337,0.0233351961805189,Downregulated
LOC105376031,-1.60323105160319,0.0069064259404888,0.0234012616830103,Downregulated
CCDC175,2.55220455653695,0.0069785680721863,0.0236338506691971,Upregulated
ZNF606-AS1,-1.08704674762522,0.0070061573118828,0.0237151250060472,Downregulated
LOC124906254,-1.04775212508571,0.0071390402517865,0.0240927750355412,Downregulated
CPZ,1.44435272485676,0.0071585000590572,0.0241504057418495,Upregulated
LOC105379583,-3.27346197009381,0.0072459045211865,0.0244168310457076,Downregulated
LOC105375429,-3.32482444073366,0.007269893180737,0.0244895238292105,Downregulated
CFHR3,1.29339257489705,0.0073579113005693,0.0247325877531078,Upregulated
CASP10,-1.3026931708739,0.0073722945223142,0.0247727184470801,Downregulated
GGN,-1.65188304940353,0.0075567654989018,0.0253015364106584,Downregulated
SLC6A17-AS1,-2.57363433924541,0.0075682093786054,0.0253218943372323,Downregulated
SILC1,1.5493106784092,0.0075742029510297,0.0253328593826686,Upregulated
FBLN2,1.50141052501556,0.007593370799025,0.025385128274029,Upregulated
ISL1,-1.16531710041322,0.0076040904417477,0.0254167726193577,Downregulated
TNFRSF8,3.09271692929453,0.0076367130735323,0.0255089876874469,Upregulated
LOC124901952,2.40521231163229,0.0076509029209328,0.0255437574212467,Upregulated
LOC124909410,-3.01074751233444,0.0076758185337859,0.0256185025294428,Downregulated
TMEM271,-2.08521516944734,0.0077457134054653,0.0258007995095113,Downregulated
TRIM48,-3.43577076485234,0.0077951394548717,0.0259569051438795,Downregulated
LOC101929439,-1.25837525683666,0.007838705092078,0.0260848322954081,Downregulated
LOC124903487,1.76532040604601,0.0079472090925442,0.0263852548889073,Upregulated
MARCHF11,-1.78698668820924,0.0079926537914819,0.0265100801341101,Downregulated
STPG2,-3.34245941542982,0.0081437644744993,0.0269583475638785,Downregulated
LOC101928786,-2.59150342371677,0.0084605740478817,0.0278614459993493,Downregulated
INHBE,-1.48341230138032,0.0084939830893773,0.027953327364603,Downregulated
LOC124904608,-1.17682847620297,0.0085982484888382,0.028246012742344,Downregulated
DENND2C,-1.37139611143723,0.0085997357273512,0.0282463204436369,Downregulated
CFP,-2.18170844130026,0.008622317788026,0.0283102786203843,Downregulated
ZNF860,1.16898582932832,0.0086233983029381,0.0283102786203843,Upregulated
LOC107984585,3.03537752318185,0.0086416142394385,0.0283563022533884,Upregulated
ADGRB3,-1.24740946524326,0.008854384747123,0.0289653848352868,Downregulated
LOC124904223,1.46871368970386,0.0088959800302473,0.0290686150625638,Upregulated
PRH1-PRR4_2,-1.17934620233241,0.0090603439989262,0.0295342734825083,Downregulated
LOC124901054,-3.39582444731467,0.0092847406975916,0.0301880669232412,Downregulated
PCDHGB8P,1.94037974507934,0.0093810084259064,0.0304375956114452,Upregulated
RGS7BP,1.14436781876115,0.0094755685060436,0.0306805587937696,Upregulated
LOC102723759,-1.24625089924223,0.0095005520244851,0.030746717065989,Downregulated
SHISAL2B,1.59157599000293,0.0095173429820851,0.0307912250445145,Upregulated
DGKI,-2.79384443510786,0.0095470536373945,0.0308725638443443,Downregulated
IL4I1,-1.09910671607488,0.0096646932794593,0.0311838690521106,Downregulated
LOC101929935,2.97517982363716,0.0096762629702435,0.0312156890249668,Upregulated
NPL,1.24164823675749,0.009682225905672,0.0312299549462234,Upregulated
HOTAIR,1.20954026474896,0.009934878268694,0.0318926271188089,Upregulated
LOC124904955,-2.3946981021664,0.0099412877380711,0.0318980467251802,Downregulated
LOC105371276,-3.0220739179698,0.0099650994362903,0.0319494300178153,Downregulated
LOC124903289,-2.28837575864706,0.010108919286731,0.0323641897050626,Downregulated
LOC124907970,-3.03670229302558,0.0101791910544376,0.0325480396722503,Downregulated
STYXL2,-1.92437754116763,0.0102641321272268,0.0327937727122889,Downregulated
CHRDL1,1.62467751683689,0.0103128620374715,0.0329183308090568,Upregulated
PRR29,2.83505361050353,0.0103309977733222,0.0329710272189367,Upregulated
GPR78,-1.16516686966607,0.0103443963154459,0.0330044540023355,Downregulated
COMMD4P1,-1.20285875820855,0.0103611220861484,0.0330463546127682,Downregulated
HOXC4,2.49377671840296,0.0104099688387299,0.0331864829179326,Upregulated
TGFB2,1.24429928882265,0.0104804378565726,0.0333743904029646,Upregulated
HHIPL2,2.1259908740338,0.0105347570156459,0.0335148917363583,Upregulated
SLC30A10,1.83432571397303,0.0105777133139531,0.0336102321932146,Upregulated
EN2,2.93431494719367,0.010583523715086,0.0336234235393539,Upregulated
C4orf50,-1.75753387069498,0.0105911301813057,0.0336317746584499,Downregulated
DYDC2,3.53961872152285,0.0107630086113086,0.0340974400660542,Upregulated
SLC24A3,-3.58242309004732,0.0107860038980539,0.0341594702025762,Downregulated
NAPSB,-1.61918295708843,0.0108400455528478,0.0342986080722247,Downregulated
GBA3_1,3.22463325220563,0.0109823834785231,0.0346767874275628,Upregulated
LOC105375855,-1.03751999484628,0.0110559514230233,0.0348783002946708,Downregulated
CLYBL-AS3,-1.05063893679838,0.0111547195570202,0.0351406606623006,Downregulated
TTC14-DT,-1.02629053987011,0.0112513643452449,0.0354098195878241,Downregulated
ZNF578,1.95192441292474,0.0113021562551683,0.0355278233771722,Upregulated
LOC124900856,-1.27903483697855,0.0116115994924956,0.0363378016641453,Downregulated
LINC02912,2.30414667308006,0.0116118181152829,0.0363378016641453,Upregulated
LOC105375514,-1.85684702824313,0.0117832841881103,0.0368175408060439,Downregulated
GPC1-AS1,-1.30314510949222,0.0119682642950651,0.037349460969465,Downregulated
HHIP,-3.06085200006556,0.0119996825039791,0.0374417433302265,Downregulated
LOC101927603,-3.00883648310402,0.0122581206655044,0.038136584461874,Downregulated
LOC107985871,-1.28737357716742,0.012261602710816,0.0381415631285342,Downregulated
LOC105374016,-1.30334694990783,0.0123082144279589,0.0382508735278714,Downregulated
FMOD,3.32831889199512,0.012315574183734,0.0382624728893477,Upregulated
LOC124904993,2.84404307674995,0.0123325926166455,0.0383023509918917,Upregulated
LOC124902174,-2.72331388617515,0.012344712036686,0.0383294988161135,Downregulated
GPR152,1.61034492185725,0.0125720157528484,0.0388863401944887,Upregulated
FIBCD1-AS1,-3.27438531644709,0.0126190725704797,0.0390199819879562,Downregulated
CA3,1.51186327983946,0.0127059518589222,0.0392407341503113,Upregulated
ADAMTS12,3.38945170032387,0.0127899326483403,0.0394640196147375,Upregulated
SOSTDC1,1.90604784687572,0.0129694346436792,0.0399449127477182,Upregulated
SNORA16A,-1.62175893219358,0.0129863378986295,0.0399848219455143,Downregulated
SLC30A2,1.09848317392537,0.0133073104951094,0.0408210921921429,Upregulated
LOC107987116,-1.06470917825017,0.0133642526625613,0.0409437340643701,Downregulated
PTGER2,3.28981813845625,0.013473337375441,0.0412212943792927,Upregulated
GPR4,-3.14537668317333,0.0135279226306082,0.0413773507915552,Downregulated
KLHDC7B,-1.80165123508085,0.013651472759864,0.0416907791727712,Downregulated
LOC124903128,-3.07166817568596,0.0137808861409574,0.0420100437947158,Downregulated
LINC00421,-3.01706855203071,0.0138057003466137,0.0420656493971995,Downregulated
LOC124900289,-1.28440485076274,0.0138222551520848,0.0421031630971312,Downregulated
PRICKLE2-AS3,1.62109022790616,0.0138284153638167,0.0421105996107574,Upregulated
LOC105369896,-1.56465739992125,0.0138430232844233,0.0421424209900835,Downregulated
CACNA2D3,-2.08209943894581,0.0139524711299068,0.0424246380636185,Downregulated
RNF228,-3.02039315523445,0.0140148047507127,0.0425694706267339,Downregulated
LINC02447,1.60535524028732,0.0141471565891432,0.0429264546265485,Upregulated
PRSS50,1.41734204780268,0.0142356100669965,0.0431560844223679,Upregulated
LOC124903247,1.36366993846528,0.0142978388849357,0.0433212917556856,Upregulated
LINC02041_1,-1.06007212862423,0.0143457773397876,0.0434380879743286,Downregulated
STAC3,-1.08266801526358,0.0145235732298645,0.0438193369747133,Downregulated
LOC105371648,-2.653271779224,0.0145428248917475,0.0438645620734648,Downregulated
COL13A1,1.35660133332525,0.014542890973096,0.0438645620734648,Upregulated
LOC105377380,-3.3917539408912,0.0145772280148479,0.0439615882506996,Downregulated
LOC107986982,-1.69613623236713,0.0146462693135272,0.0441425829232634,Downregulated
LINC01992,2.200850637474,0.0146524889194196,0.0441425829232634,Upregulated
SSU72L6,-2.05936825022172,0.0147619444511833,0.0444459079145922,Downregulated
LOC105377399,-1.42927760206891,0.0149938970556501,0.0450238962105143,Downregulated
LOC124900664,3.0653551344317,0.0150352668137564,0.0451347486741748,Upregulated
H2BC6-AS1,-1.03840270922853,0.0152744245797693,0.0457105140716586,Downregulated
LOC101929534,-2.89471145507798,0.0153484883459748,0.0458847360301714,Downregulated
FKBP1C,1.26880805612924,0.0153736586465675,0.0459464298300319,Upregulated
LOC124901022,1.12378668904396,0.0155086075791553,0.0462610694660631,Upregulated
LOC124902726,2.93426454404709,0.015525379643241,0.0463042848718145,Upregulated
NLRP6,-1.06337647530453,0.0155531851110803,0.046380389733189,Downregulated
OR9A4,-2.60686272902219,0.0156499848146233,0.0466416030300836,Downregulated
TMEM132B,-2.70327312916261,0.0156999391409852,0.0467698510359538,Downregulated
VSIR,-2.9233990309775,0.0157262123779129,0.0468274715275329,Downregulated
LOC124901676,-3.17097031185058,0.0157852014871138,0.0469815155974841,Downregulated
LINC01864,-3.21448359996127,0.0158565987752181,0.0471591797375523,Downregulated
TMEM92,1.97659531004154,0.0158914670416732,0.047236272982501,Upregulated
PLD5,-1.5721420015977,0.0159620904612542,0.0474183807063112,Downregulated
LOC105371711,-2.92259529917471,0.0161089457218874,0.0477812848361012,Downregulated
A4GALT,1.27919478579778,0.0161101830662547,0.0477812848361012,Upregulated
HDHD5-AS1,-1.43725068112964,0.0161267170186708,0.0478145651685732,Downregulated
COL8A2,1.53923790846306,0.0161986719180147,0.047959521049699,Upregulated
ERC2,-1.53385276839843,0.0163662270219201,0.0483778701337755,Downregulated
LOC105375435,-1.16980003079961,0.0163778505410799,0.0484048004264046,Downregulated
PAH,-2.70037541773659,0.0165510462191114,0.0488422344202409,Downregulated
LOC124901674,-1.88831531176992,0.016562340505536,0.0488571344703712,Downregulated
RFPL1,-1.28719365266078,0.0167382908930414,0.049270935699878,Downregulated
